Management Group,Community/Property,Contact Name,Title,Phone,Fax,Email,Address,Notes
Security Properties,The Villages at South Station,Earl Gilbert,Maintenance Supervisor,206-431-9216,206-242-0175,egilbert@secpropres.com,"3724 South 154th Lane, Tukwila, WA 98188",
Security Properties,The Villages at South Station,Alejandra Valdez,Property Manager,206-431-9216,,villagesatsouthstation.mgr@secpropres.com,"3724 South 154th Lane, Tukwila, WA 98188",
Security Properties,Surrey Downs Apartments,Shelleen Nolen,Property Manager,425-679-6894,,SurreyDowns.mgr@secpropres.com,"13035 SE 26th, Bellevue, WA 98005",
Security Properties,Echo Lake,Kayla Varona,Assistant Property Manager,206-546-2400,206-546-3765,kvarona@secpropres.com,"1150 N. 192nd Street, Shoreline, WA 98133",
Security Properties,Ballinger Commons,Matt Almquist,Leasing Consultant,206-367-3895,,Malmquist@secpropres.com,"2405 N 202nd Pl, Shoreline, WA 98133",
Security Properties,Ballinger Commons,Kimberly Travis,Senior Property Manager,206-367-3895,,Ktravis@secpropres.com,"2405 N 202nd Pl, Shoreline, WA 98133",
Security Properties,Midtown 64 Apartments,Paula Gamble,Senior Property Manager,253-852-5995,,Pgamble@secpropres.com,"24615 64th Ave S, Kent, WA 98032",
Security Properties,Midtown 64 Apartments,Scott Miller,Maintenance Supervisor,253-852-5995,,SMiller@secpropres.com,"24615 64th Ave S, Kent, WA 98032",
Security Properties,Meadowbrook,Kari Brooks,Property Manager,206-546-1014,,meadowbrook.mgr@secpropres.com,"1408 NW Richmond Beach Road, Shoreline, WA 98177",
Security Properties,Taluswood Apartments,Keara Capetti,Leasing Consultant,425-672-4208,,taluswood@secpropres.com,"4208 236th St SW, Mountlake Terrace, WA 98043",
Independent/Other,Four Amigos Beloved Community (El Centro de la Raza),Rebecca Silva,Community Manager,206-717-0082,,rsilva@elcentrodelaraza.org,"3800 S Angeline ST, Seattle, WA 98118",Community phone 425-295-2560
Avenue5 Residential,Parker Landing Apartments,Andy Soto,Leasing Consultant,425-228-0842,,parkerlanding@avenue5apt.com,"4600 Davis Avenue South, Renton, WA 98055",
Thrive Communities,Woodcreek Community,Kaylee Bresler,Community Manager,425-741-1550,,kayleeb@thrivecommunities.com,"14611 Admiralty Way, Lynnwood, WA 98087",
Bozzuto,Janus Apartments,Everlyn Animas,Property Manager,206-866-6369,,Everlyn.Animas@bozzuto.com,"121 NW 85th Street, Seattle, WA 98117",
Greystar,The Seasons Apartment Homes,Maddi Jurgens,Leasing Professional,425-745-0744,425-742-1075,seasons@greystar.com,"3711 164th St SW, Lynnwood, WA 98087",
Equity Apartments (EQR),Heritage Ridge,Kareasma Arntsen,Leasing Consultant,425-741-3555,425-741-2855,karntsen@eqr.com,"16619 Larch Way, Lynnwood, WA 98037",
Thrive Communities,Station Nine,Martha Martinez,Community Manager,425-742-2477,,marthaM@thrivecommunities.com,"16720 6th Ave W, Lynnwood, WA 98037",
Independent/Other,High Grove Apartments,Kayla D'Ancicco,Leasing Manager,425-353-8949,,highgrove.leasing@liveamc.com,"12433 Admiralty Way, Everett, WA 98204",
Westland Associates,Summerwalk Villa Apartments,Christie Maclean,Regional Property Manager,253-220-8326,253-854-7259,christieb@westland-associates.com,"22440 Benson Rd. SE, Kent, WA 98031",Cell 206-877-2259
King County Housing Authority,Management Office,Valli Kee,Management Office,206-693-6435,206-832-3755,ValliKeeOffice@kcha.org,"23401 104th Ave SE, Kent, WA 98031",TTY 7-1-1; after-hours emergency 206-368-4008
Cornerstone Residential,Crestview West Apartments,Arnie,(contact),253-839-8222,,crestview@cornerstonerent.com,"27912 Pacific Hwy S, Federal Way, WA 98003",First name only on card
Olympic Management,Benson Village Apartments,Tammy,(contact),253-852-1377,,bensonvillageapts@omcwa.com,"10820 SE 211th Place, Kent, WA 98031",First name only on card
Independent/Other,Barkley Ridge Apartment Homes,La Qwana Toles,Assistant Community Director,253-941-5900,253-941-5901,assistant@barkleyridge.com,"27830 Pacific Hwy S, Federal Way, WA 98003",
Weidner Apartment Homes,Windsong,Tiffany Reedy,Community Director,425-391-3545,425-391-2638,windsong@weidner.com,"600 Front St. S, Issaquah, WA 98027",
Weidner Apartment Homes,Foster Greens,"Victor Ledezma, CAM",Community Director,206-709-5308,206-241-6261,fostergreens@weidner.com,"13865 Interurban Ave. S, Tukwila, WA 98168",
Weidner Apartment Homes,Heritage Hills,Felicia Sheppard,Community Director,425-256-4117,425-271-0526,heritagedir@weidner.com,"1300 S Puget Dr., Renton, WA 98055",
Allied Residential,Beacon Pacific Village,Benjamin Gomes,Assistant Manager,425-495-4732,,beaconpacificvillageasm@alliedresidential.com,"935 Golf Drive S, Seattle, WA 98144",
Allied Residential,The Sequoias Senior Apartments,Heidi Witt,Community Manager,425-483-5244,425-398-1378,sequoias@alliedresidential.com,"7111 NE 181st St., Kenmore, WA 98028",
Allied Residential,Thai Binh Apartments,James L. Garrett III,Maintenance Supervisor,206-257-7517,,thaibinhmaint@alliedresidential.com,"913 S. Jackson St., Seattle, WA 98104",
Allied Residential,Kent Meadows,Victoria Prok,Community Manager,253-854-3079,253-813-6637,kentmeadows@alliedresidential.com,"10609 SE 248th St., Kent, WA 98030",
Allied Residential,Auburn Square Apartments,Jennifer,Contact,253-939-9444,253-939-4436,auburnsq@alliedresidential.com,"3740 H Street NE, Auburn, WA 98002",First name handwritten only
Allied Residential,Greentree and Park Hill Apartments,Rachel Bosancu,Leasing Agent,206-772-2993,206-772-2995,greentreelsg@alliedresidential.com,"6900 S. 125th St., Seattle, WA 98178",
Allied Residential,Arbor Heights Apartments,Nyah Harris,Assistant Community Manager,206-241-6509,206-248-3663,arborheightsast@alliedresidential.com,"135 SW 116th Street, Burien, WA 98146",
Allied Residential,Pointe By Vintage,Emily Salyers,Community Manager,206-739-0384,,pointebyvintage@alliedresidential.com,"22837 Pacific Hwy S., Des Moines, WA 98198",
Allied Residential,Sterling Ridge,Abi Vasquez,Community Manager,253-854-1200,,sterlingridge@alliedresidential.com,"11328 SE Kent Kangley Rd., Kent, WA 98030",
Allied Residential,Sandpiper East Apartments,Ryan Cornelson,Community Manager,425-746-0990,,sandpipereast@alliedresidential.com,"13908 NE 13th St., Bellevue, WA 98005",Emergency 855-237-1023
Allied Residential,Stratford Arms,Krisha Burney,Community Manager,253-859-1665,,stratford@alliedresidential.com,"11126 SE 256th ST, Kent, WA 98030",
Allied Residential,Sterling Ridge,Josiah Tubbs,Assistant Manager,253-854-1200,,sterlingsg@alliedresidential.com,"11328 SE Kent Kangley Rd., Kent, WA 98030",Direct cell 206-584-6602
Allied Residential,Madison at Rivers Edge,Jennifer Mersman,Community Manager,253-735-2125,,madisonatriversedge@alliedresidential.com,"1741 22nd St. NE, Auburn, WA 98002",
Allied Residential,Carriage House Apartments,(none listed),Community Office,206-243-0083,206-241-2219,carriagehouse@alliedresidential.com,"3602 South 180th Street, Seatac, WA 98188",
Allied Residential,Haven Apartments,"Mandi Hansen, ARM",Community Manager,253-852-0800,,haven@alliedresidential.com,"25426 98th Ave South, Kent, WA 98032",
Allied Residential,Second and Main,Kathleen Crofton,Community Manager,425-524-4967,,secondandmain@alliedresidential.com,"207 Main Ave S, Renton, WA 98057",
Allied Residential,Watershed,Makenzie Kern,Assistant Manager,206-759-2560,,watershedrentonasm@alliedresidential.com,"625 Williams Ave. S., Renton, WA 98057",
Allied Residential,Cedar River Terrace Apts,Thien Truong,Community Manager,425-970-3188,425-572-0741,cedarriverterrace@alliedresidential.com,"51 Burnett AVE S, Renton, WA 98057",
Allied Residential,Airmark Apartments,Diana Esparza,Community Manager,206-988-8866,,airmarkapts@alliedresidential.com,"229 Andover Park E., Tukwila, WA 98188",
Allied Residential,"Chantelle, Cole Manor, Highland House & Hillcrest Terrace",Marc Cuenca,Sr. Community Manager,425-207-8948,,chantelle@alliedresidential.com,"2828 NE 3rd St., Renton, WA 98056","Hillcrest line 206-718-1348, Emergency 206-889-0940"
Allied Residential,The Carrington Apartments,Jason Mueller,Community Manager,425-643-4663,,carrington@alliedresidential.com,"2501 148th Ave. SE, Bellevue, WA 98007",
Allied Residential,Fairwood Apartments,Shamika Smith,Community Manager,425-255-8970,425-228-5206,fairwood@alliedresidential.com,"14300 SE 171st Way, Renton, WA 98058",
Allied Residential,Foster Commons,Kellie Denman,Community Manager,206-772-0490,,fostercommons@alliedresidential.com,"5700 S. 129th Street, Seattle, WA 98178",
Allied Residential,The Villas in Bellevue,Bre Van Klaveren,Leasing Agent,425-643-8373,,villasleasing@alliedresidential.com,"595 156th Ave S.E., Bellevue, WA 98007",
Allied Residential,Parkwood Apartments,RoShanna Williams,Senior Community Manager,253-352-4477,,parkwood@alliedresidential.com,"26435 104th Avenue SE, Kent, WA 98030",
Allied Residential,Celebration Park Apartments,Maria Bernal,Assistant Manager,253-839-4460,,celebrationpark@alliedresidential.com,"32205 11th Pl. So., Federal Way, WA 98003","Handwritten note ""Stacey"""
Allied Residential,The Salish Place Apartments,Adrianna Murtha,Community Manager,206-878-0671,,salishplace@alliedresidential.com,"23641 20th Ave S., Des Moines, WA 98198",
Allied Residential,Copper Gate,Phylicia Holmes,Assistant Manager,253-217-4125,,coppergateasm@alliedresidential.com,"4750 Auburn Way N., Auburn, WA 98002",
Allied Residential,The Village at Overlake Station,Cheryl Garrido,Community Manager,425-746-3338,425-882-2861,overlake@alliedresidential.com,"2580 152nd Ave. NE, Redmond, WA 98052",
Allied Residential,Cascadian Apartments,Roza Stamati,Senior Community Manager,425-747-3567,425-746-4340,cascadian@alliedresidential.com,"15517 NE 12th Street, Bellevue, WA 98007",
Allied Residential,Capella at Esterra Park,Elvira Kryshtapovich,Assistant Manager,425-216-3604,,capellaasm@alliedresidential.com,"2710 Tagore Ave NE, Redmond, WA 98052",
Allied Residential,Polaris at Eastgate,Jara Arceo,Community Manager,425-738-1044,,Polariseastgate@alliedresidential.com,"13300 SE Eastgate Way, Bellevue, WA 98005",
Allied Residential,Somerset Gardens,Alina Kioresku,Community Manager,425-883-2222,425-867-9219,somersetgardens@alliedresidential.com,"14700 NE 29th Place, Bellevue, WA 98007",
Allied Residential,Haven Apartments,Yuliana Botello Velazquez,Assistant Manager,253-852-0922,,havenasm@alliedresidential.com,"25426 98th Ave South, Kent, WA 98030",
Allied Residential,Houser Terrace,Ian Van Iderstine,Community Manager,425-291-7136,,houserterrace@alliedresidential.com,"3151 NE 16th Street, Renton, WA 98056",
Allied Residential,Sea Fox Apartments,Julie Pillsbury,Community Manager,206-878-1653,206-878-1697,seafox@alliedresidential.com,"2616 South 224th St., Des Moines, WA 98198",
Allied Residential,Alba Gardens,Emily Johnson,Property Manager,253-498-9995,,albagardens@alliedresidential.com,"23913 111th Pl. SE, Kent, WA 98031","Note on card: ""Emily portfolio"""
Allied Residential,Pinewood Village,Savannah Jacobson,Community Manager,425-643-4143,,pinewoodvillage@alliedresidential.com,"14911 NE 1st Place, Bellevue, WA 98007",
Allied Residential,Garden Pointe Apartments,Shelby McPhearson (she/her),Multi-Site Community Manager,206-243-8401,206-243-8403,gardenpointe@alliedresidential.com,"130 SW 112th Street, Seattle, WA 98146",Handwritten name on card: Kerri Garrison (verify which is current contact)
Coast Property Management,Bellevue Ridge Studios,Carla Brown,Area Manager,425-864-4997,,carla.brown@coastmgt.com,"3241 156th Ave. SE, Bellevue, WA 98007",Community inbox bellevueridge@coastmgt.com
Coast Property Management,Highland Village,Arlene Chavez,Community Manager,425-590-9313,206-299-4180,highlandvillagemgr@coastmgt.com,"14588 NE 7th Pl #100, Bellevue, WA 98007",
Coast Property Management,Corporate HQ,Shelly Mesa,Operations Director,425-655-2688,425-252-8732,shelly.mesa@coastmgt.com,"2829 Rucker Ave, Everett, WA 98201",Cell 425-754-1480
Coast Property Management,Sandpiper Apartments,Kelly Rene',Community Manager,206-824-1777,206-878-8254,sandpipermgr@coastmgt.com,"3100 S. 208th St., Seatac, WA 98198",
Avenue5 Residential,Atlas,Xavier Kibuta,Property Manager,425-961-6596,,pm.atlas@avenue5apt.com,"1036 7th Ave NW, Issaquah, WA 98027",
Avenue5 Residential,Constellation,Ian Lee,Property Manager,425-226-6777,,pm.constellation@avenue5apt.com,"1455 S Puget Dr, Renton, WA 98055",
Avenue5 Residential,Foundry on Fifth Apartments,Lerrina Chin-Greenleaf,Property Manager,425-228-7166,,pm.foundryonfifth@avenue5apt.com,"200 SW 5th Pl, Renton, WA 98057",
Avenue5 Residential,Yarrow Wood Highlands,Matt,Leasing Office,425-827-4722,,pm.yarrowood@avenue5apt.com,,First name only on card
Avenue5 Residential,Echo Mountain,Paul Maker,Maintenance Supervisor,425-277-9434,,paul.maker@avenue5.com,"2223 Benson Rd S, Renton, WA",
Avenue5 Residential,The Ardenport,Tanah Hansen,Leasing Consultant,425-277-0974,,TheArdenport@avenue5apt.com,"15030 SE 179th Street, Renton, WA 98058",
Avenue5 Residential,The Windsor Apartments,Dorota,Floating Assistant Property Manager,425-277-1930,,PM.TheWindsor@avenue5apt.com,"4415 NE 5th St, Renton, WA 98059","Card originally printed for Christian Easley (crossed out); Dorota wrote her personal email omits the ""PM"" prefix - confirm exact address with her"
Avenue5 Residential,Evans Creek at Woodbridge,Chy Byers,Assistant Property Manager,425-883-3331,,evanscreek@avenue5apt.com,"6205 188th Lane NE, Redmond, WA 98052",
Avenue5 Residential,Elevate Apartments,Amber Summers,Senior Property Manager,425-743-2121,,pm.elevate@avenue5apt.com,"4800 168th ST SW, Lynnwood, WA 98037",
,,,,,,,,
VENDORS / SUPPLIERS (not management-company contacts),,,,,,,,
Company,Contact Name,Title,Phone,Fax,Email,Address,Notes,
Sherwin-Williams,Melissa Snow,"Sales Representative, Property Maintenance",208-762-4699,208-762-4788,Melissa.Snow@sherwin.com,"355 W. Prairie Shopping Center, Hayden, ID 83835",Cell 208-889-1934,
HD Supply,Jim Varady,"Renovations Sales Representative, Renovations Plus",509-212-1104,,james.varady@hdsupply.com,"3400 Cumberland Blvd. SE, Atlanta, GA 30339",Mobile number listed,
The Home Depot,Stephen Magladry,Millwork Specialist,425-835-7200 ext.357,,Millwork_4233@homedepot.com,"2901 184th St SW, Lynnwood, WA 98037",Hours 9am-5pm usually Tue-Sat,
